{
  "pinnedList": [
    { "desktopAppLink": "%ALLUSERSPROFILE%\\Microsoft\\Windows\\Start Menu\\Programs\\Microsoft Edge.lnk" },
    { "packagedAppId": "microsoft.windowscommunicationsapps_8wekyb3d8bbwe!microsoft.windowslive.mail"},
    { "packagedAppId": "microsoft.windowscommunicationsapps_8wekyb3d8bbwe!microsoft.windowslive.calendar" },
    { "packagedAppId": "Microsoft.WindowsStore_8wekyb3d8bbwe!App" },
    { "packagedAppId": "Microsoft.Windows.Photos_8wekyb3d8bbwe!App" },
    { "packagedAppId": "windows.immersivecontrolpanel_cw5n1h2txyewy!microsoft.windows.immersivecontrolpanel" },
    { "packagedAppId": "Microsoft.MicrosoftOfficeHub_8wekyb3d8bbwe!Microsoft.MicrosoftOfficeHub" },
    { "packagedAppId": "SpotifyAB.SpotifyMusic_zpdnekdrzrea0!Spotify" },
    { "packagedAppId": "Disney.37853FC22B2CE_6rarf9sa4v8jt!App" },
    { "packagedAppId": "Microsoft.GamingApp_8wekyb3d8bbwe!Microsoft.Xbox.App" },
    { "packagedAppId": "Clipchamp.Clipchamp_yxz26nhyzhsrt!App" },
    { "packagedAppId": "Microsoft.WindowsCalculator_8wekyb3d8bbwe!App" },
    { "packagedAppId": "Microsoft.WindowsNotepad_8wekyb3d8bbwe!App" },
    { "packagedAppId": "Microsoft.Paint_8wekyb3d8bbwe!App" },
    { "desktopAppLink": "%APPDATA%\\Microsoft\\Windows\\Start Menu\\Programs\\File Explorer.lnk" },
    { "packagedAppId": "Microsoft.ZuneVideo_8wekyb3d8bbwe!Microsoft.ZuneVideo" },
    { "packagedAppId": "Microsoft.Getstarted_8wekyb3d8bbwe!App" }
  ]
}
